customer_id,TotalOrders,TotalRevenue,TotalQuantity,AverageOrderValue,CustomerLifetime,Recency,PurchaseFrequency,Target,country_Belgium,country_Brazil,country_Canada,country_EIRE,country_European Community,country_Finland,country_France,country_Germany,country_Greece,country_Israel,country_Korea,country_Netherlands,country_Spain,country_Sweden,country_Switzerland,country_USA,country_United Arab Emirates,country_United Kingdom,country_Unspecified
12413,3,805.25,238,268.4166666666667,166,145,0.018072289156626505,1,False,False,False,False,False,False,False,False,False,False,False,False,True,False,False,False,False,False,False
12417,18,5964.83,2561,331.37944444444446,626,16,0.02875399361022364,1,True,False,False,False,False,False,False,False,False,False,False,False,False,False,False,False,False,False,False
12461,2,826.88,287,413.44,60,3,0.03333333333333333,0,False,False,False,False,False,False,False,False,False,False,False,False,False,False,True,False,False,False,False
12468,5,3670.7400000000002,2201,734.148,495,97,0.010101010101010102,0,False,False,False,False,False,False,False,True,False,False,False,False,False,False,False,False,False,False,False
12483,17,4236.26,1842,249.19176470588238,578,8,0.029411764705882353,1,False,False,False,False,False,False,False,False,False,False,False,False,False,True,False,False,False,False,False
12492,2,578.39,321,289.195,297,14,0.006734006734006734,1,False,False,False,False,False,False,False,True,False,False,False,False,False,False,False,False,False,False,False
12503,1,1126.0,561,1126.0,1,493,1.0,0,False,False,False,False,False,False,False,False,False,False,False,False,True,False,False,False,False,False,False
12507,4,1844.06,1256,461.015,450,43,0.008888888888888889,0,False,False,False,False,False,False,False,False,False,False,False,False,True,False,False,False,False,False,False
12520,4,2045.85,1099,511.4625,131,51,0.030534351145038167,1,False,False,False,False,False,False,False,True,False,False,False,False,False,False,False,False,False,False,False
12526,1,520.3,318,520.3,1,3,1.0,1,False,False,False,False,False,False,False,True,False,False,False,False,False,False,False,False,False,False,False
12541,2,536.14,419,268.07,107,82,0.018691588785046728,1,False,False,False,False,False,False,False,False,False,False,False,False,True,False,False,False,False,False,False
12567,14,10216.18,4536,729.7271428571429,570,5,0.02456140350877193,1,False,False,False,False,False,False,True,False,False,False,False,False,False,False,False,False,False,False,False
12568,1,70.0,48,70.0,1,554,1.0,0,False,False,False,False,False,False,False,True,False,False,False,False,False,False,False,False,False,False,False
12604,1,178.5,137,178.5,1,171,1.0,1,False,False,False,False,False,False,True,False,False,False,False,False,False,False,False,False,False,False,False
12606,1,21.0,1,21.0,1,591,1.0,0,False,False,False,False,False,False,False,False,False,False,False,False,True,False,False,False,False,False,False
12631,5,2841.07,1371,568.214,237,365,0.02109704641350211,1,False,False,False,False,False,True,False,False,False,False,False,False,False,False,False,False,False,False,False
12634,2,490.0,337,245.0,12,445,0.16666666666666666,0,False,False,False,False,False,False,False,False,False,False,False,False,False,False,False,True,False,False,False
12636,1,141.0,1,141.0,1,648,1.0,0,False,False,False,False,False,False,False,False,False,False,False,False,False,False,False,True,False,False,False
12652,2,1017.0300000000001,536,508.51500000000004,102,240,0.0196078431372549,0,False,False,False,False,False,False,False,True,False,False,False,False,False,False,False,False,False,False,False
12656,6,5177.33,2417,862.8883333333333,446,25,0.013452914798206279,1,False,False,False,False,False,False,True,False,False,False,False,False,False,False,False,False,False,False,False
12664,5,3145.64,797,629.1279999999999,583,52,0.008576329331046312,1,False,False,False,False,False,True,False,False,False,False,False,False,False,False,False,False,False,False,False
12688,1,4873.81,3028,4873.81,1,23,1.0,0,False,False,False,False,False,False,False,False,False,True,False,False,False,False,False,False,False,False,False
12692,1,110.95,36,110.95,1,546,1.0,0,False,False,False,False,False,False,True,False,False,False,False,False,False,False,False,False,False,False,False
12699,1,638.11,373,638.11,1,327,1.0,0,False,False,False,False,False,False,False,True,False,False,False,False,False,False,False,False,False,False,False
12717,3,1308.91,600,436.30333333333334,439,60,0.00683371298405467,0,False,False,False,False,False,False,False,False,True,False,False,False,False,False,False,False,False,False,False
12724,5,1566.47,1112,313.294,361,82,0.013850415512465374,1,False,False,False,False,False,False,True,False,False,False,False,False,False,False,False,False,False,False,False
12751,1,268.27,189,268.27,1,353,1.0,0,False,True,False,False,False,False,False,False,False,False,False,False,False,False,False,False,False,False,False
12768,1,168.69,102,168.69,1,360,1.0,0,False,False,False,False,False,False,False,False,False,False,True,False,False,False,False,False,False,False,False
12769,1,1143.6,356,1143.6,1,148,1.0,0,False,True,False,False,False,False,False,False,False,False,False,False,False,False,False,False,False,False,False
12805,4,1434.95,593,358.7375,293,290,0.013651877133105802,0,False,False,False,False,False,False,False,False,False,False,False,True,False,False,False,False,False,False,False
12807,1,330.35,145,330.35,1,292,1.0,0,False,False,False,False,False,False,False,False,False,False,False,False,False,True,False,False,False,False,False
12845,4,354.09000000000003,204,88.52250000000001,22,176,0.18181818181818182,0,False,False,False,False,False,False,False,False,False,False,False,False,False,False,False,False,False,True,False
12859,1,575.1,292,575.1,1,367,1.0,0,False,False,False,False,False,False,False,False,False,False,False,False,False,False,False,False,False,True,False
12865,3,2736.62,1598,912.2066666666666,352,33,0.008522727272727272,1,False,False,False,False,False,False,False,False,False,False,False,False,False,False,False,False,False,False,False
12876,3,2590.2,1757,863.4,394,105,0.007614213197969543,1,True,False,False,False,False,False,False,False,False,False,False,False,False,False,False,False,False,False,False
12913,11,4666.0,2012,424.1818181818182,455,192,0.024175824175824177,1,False,False,False,False,False,False,False,False,False,False,False,False,False,False,False,False,False,True,False
12939,16,21673.08,8660,1354.5675,558,47,0.02867383512544803,1,False,False,False,False,False,False,False,False,False,False,False,False,False,False,False,False,False,True,False
12970,8,1071.93,694,133.99125,413,231,0.01937046004842615,1,False,False,False,False,False,False,False,False,False,False,False,False,False,False,False,False,False,True,False
12972,4,1161.2,844,290.3,247,323,0.016194331983805668,0,False,False,False,False,False,False,False,False,False,False,False,False,False,False,False,False,False,True,False
12973,1,385.55,31,385.55,1,323,1.0,0,False,False,False,False,False,False,False,False,False,False,False,False,False,False,False,False,False,True,False
12975,6,2100.09,911,350.01500000000004,296,346,0.02027027027027027,0,False,False,False,False,False,False,False,False,False,False,False,False,False,False,False,False,False,True,False
12979,1,517.7,520,517.7,1,638,1.0,0,False,False,False,False,False,False,False,False,False,False,False,False,False,False,False,False,True,False,False
12997,6,1492.49,822,248.74833333333333,376,145,0.015957446808510637,1,False,False,False,False,False,False,False,False,False,False,False,False,False,False,False,False,False,True,False
12999,3,455.88,342,151.96,49,105,0.061224489795918366,0,False,False,False,False,False,False,False,False,False,False,False,False,False,False,False,False,False,True,False
13000,4,1032.5,548,258.125,618,16,0.006472491909385114,0,False,False,False,False,False,False,False,False,False,False,False,False,False,False,False,False,False,True,False
13013,25,9972.58,5195,398.90319999999997,633,2,0.03949447077409163,1,False,False,False,False,False,False,False,False,False,False,False,False,False,False,False,False,False,True,False
13016,1,425.25,315,425.25,1,32,1.0,1,False,False,False,False,False,False,False,False,False,False,False,False,False,False,False,False,False,True,False
13021,12,3423.33,1721,285.2775,567,76,0.021164021164021163,1,False,False,False,False,False,False,False,False,False,False,False,False,False,False,False,False,False,True,False
13025,1,323.39,241,323.39,1,641,1.0,0,False,False,False,False,False,False,False,False,False,False,False,False,False,False,False,False,False,True,False
13052,7,3119.33,1424,445.61857142857144,442,121,0.01583710407239819,0,False,False,False,False,False,False,False,False,False,False,False,False,False,False,False,False,False,True,False
13053,1,127.65,47,127.65,1,531,1.0,0,False,False,False,False,False,False,False,False,False,False,False,False,False,False,False,False,False,True,False
13081,25,47371.11,33674,1894.8444,587,53,0.04258943781942078,1,False,False,False,False,False,False,False,False,False,False,False,False,False,False,False,False,False,True,False
13084,1,122.39999999999999,144,122.39999999999999,1,401,1.0,0,False,False,False,False,False,False,False,False,False,False,False,False,False,False,False,False,False,True,False
13091,2,1976.0,873,988.0,1,638,2.0,1,False,False,False,False,False,False,False,False,False,False,False,False,False,False,False,False,False,True,False
13101,4,695.4,478,173.85,446,143,0.008968609865470852,0,False,False,False,False,False,False,False,False,False,False,False,False,False,False,False,False,False,True,False
13106,2,603.46,231,301.73,280,42,0.007142857142857143,0,False,False,False,False,False,False,False,False,False,False,False,False,False,False,False,False,False,True,False
13107,7,4656.67,3839,665.2385714285714,497,85,0.014084507042253521,1,False,False,False,False,False,False,False,False,False,False,False,False,False,False,False,False,False,True,False
13108,2,748.46,745,374.23,62,282,0.03225806451612903,0,False,False,False,False,False,False,False,False,False,False,False,False,False,False,False,False,False,True,False
13110,10,2511.04,649,251.10399999999998,601,46,0.016638935108153077,1,False,False,False,False,False,False,False,False,False,False,False,False,False,False,False,False,False,True,False
13122,2,922.39,585,461.195,146,3,0.0136986301369863,0,False,False,False,False,False,False,False,False,False,False,False,False,False,False,False,False,False,True,False
13145,6,1009.72,241,168.28666666666666,507,1,0.011834319526627219,1,False,False,False,False,False,False,False,False,False,False,False,False,False,False,False,False,False,True,False
13164,2,372.2,120,186.1,98,478,0.02040816326530612,0,False,False,False,False,False,False,False,False,False,False,False,False,False,False,False,False,False,True,False
13165,2,784.32,856,392.16,61,260,0.03278688524590164,1,False,False,False,False,False,False,False,False,False,False,False,False,False,False,False,False,False,True,False
13168,4,1494.2,773,373.55,342,108,0.011695906432748537,1,False,False,False,False,False,False,False,False,False,False,False,False,False,False,False,False,False,True,False
13171,1,140.35,53,140.35,1,208,1.0,1,False,False,False,False,False,False,False,False,False,False,False,False,False,False,False,False,False,True,False
13217,4,666.48,512,166.62,533,31,0.0075046904315197,0,False,False,False,False,False,False,False,False,False,False,False,False,False,False,False,False,False,True,False
13230,28,5559.61,3214,198.55749999999998,492,47,0.056910569105691054,1,False,False,False,False,False,False,False,False,False,False,False,False,False,False,False,False,False,True,False
13238,4,624.75,281,156.1875,426,72,0.009389671361502348,1,False,False,False,False,False,False,False,False,False,False,False,False,False,False,False,False,False,True,False
13276,4,1438.36,699,359.59,542,9,0.007380073800738007,1,False,False,False,False,False,False,False,False,False,False,False,False,False,False,False,False,False,True,False
13277,5,390.8,292,78.16,423,25,0.01182033096926714,1,False,False,False,False,False,False,False,False,False,False,False,False,False,False,False,False,False,True,False
13278,3,893.12,821,297.70666666666665,210,309,0.014285714285714285,1,False,False,False,False,False,False,False,False,False,False,False,False,False,False,False,False,False,True,False
13286,1,734.91,274,734.91,1,509,1.0,0,False,False,False,False,False,False,False,False,False,False,False,False,False,False,False,False,False,True,False
13291,11,3270.79,1600,297.3445454545454,510,65,0.021568627450980392,0,False,False,False,False,False,False,False,False,False,False,False,False,False,False,False,False,False,True,False
13296,6,792.51,653,132.085,439,46,0.01366742596810934,0,False,False,False,False,False,False,False,False,False,False,False,False,False,False,False,False,False,True,False
13338,4,2445.62,1151,611.405,545,67,0.007339449541284404,0,False,False,False,False,False,False,False,False,False,False,False,False,False,False,False,False,False,True,False
13358,1,439.03000000000003,285,439.03000000000003,1,178,1.0,0,False,False,False,False,False,False,False,False,False,False,False,False,False,False,False,False,False,True,False
13413,6,429.44,455,71.57333333333334,47,548,0.1276595744680851,0,False,False,False,False,False,False,False,False,False,False,False,False,False,False,False,False,False,True,False
13423,1,217.03,141,217.03,1,338,1.0,0,False,False,False,False,False,False,False,False,False,False,False,False,False,False,False,False,False,True,False
13441,2,720.9,520,360.45,339,1,0.0058997050147492625,0,False,False,False,False,False,False,False,False,False,False,False,False,False,False,False,False,False,True,False
13452,3,729.8,6,243.26666666666665,213,168,0.014084507042253521,0,False,False,False,False,False,False,False,False,False,False,False,False,False,False,False,False,False,True,False
13476,5,2061.4700000000003,713,412.29400000000004,466,88,0.01072961373390558,0,False,False,False,False,False,False,False,False,False,False,False,False,False,False,False,False,False,True,False
13479,4,851.37,716,212.8425,276,110,0.014492753623188406,0,False,False,False,False,False,False,False,False,False,False,False,False,False,False,False,False,False,True,False
13481,10,3387.61,1774,338.761,627,17,0.01594896331738437,1,False,False,False,False,False,False,False,False,False,False,False,False,False,False,False,False,False,True,False
13485,11,3019.2200000000003,1798,274.4745454545455,503,142,0.02186878727634195,0,False,False,False,False,False,False,False,False,False,False,False,False,False,False,False,False,False,True,False
13526,2,1182.0,1911,591.0,1,647,2.0,0,False,False,False,False,False,False,False,False,False,False,False,False,False,False,False,False,False,True,False
13562,7,4248.58,1373,606.9399999999999,552,50,0.012681159420289856,1,False,False,False,False,False,False,False,False,False,False,False,False,False,False,False,False,False,True,False
13586,1,127.28,38,127.28,1,450,1.0,0,False,False,False,False,False,False,False,False,False,False,False,False,False,False,False,False,False,True,False
13615,8,6272.53,2910,784.06625,361,228,0.0221606648199446,0,False,False,False,False,False,False,False,False,False,False,False,False,False,False,False,False,False,True,False
13639,1,312.93,197,312.93,1,346,1.0,1,False,False,False,False,False,False,False,False,False,False,False,False,False,False,False,False,False,True,False
13648,8,1764.02,960,220.5025,337,309,0.02373887240356083,0,False,False,False,False,False,False,False,False,False,False,False,False,False,False,False,False,False,True,False
13653,1,152.2,72,152.2,1,397,1.0,0,False,False,False,False,False,False,False,False,False,False,False,False,False,False,False,False,False,True,False
13655,6,2280.51,1225,380.08500000000004,477,23,0.012578616352201259,0,False,False,False,False,False,False,False,False,False,False,False,False,False,False,False,False,False,True,False
13681,1,203.46,96,203.46,1,64,1.0,1,False,False,False,False,False,False,False,False,False,False,False,False,False,False,False,False,False,True,False
13693,9,2011.8200000000002,880,223.53555555555556,358,283,0.025139664804469275,0,False,False,False,False,False,False,False,False,False,False,False,False,False,False,False,False,False,True,False
13734,4,6695.6900000000005,302,1673.9225000000001,94,418,0.0425531914893617,0,False,False,False,False,False,False,False,False,False,False,False,False,False,False,False,False,False,True,False
13740,5,1582.77,987,316.554,496,150,0.010080645161290322,0,False,False,False,False,False,False,False,False,False,False,False,False,False,False,False,False,False,True,False
13743,5,912.12,1212,182.424,151,17,0.033112582781456956,1,False,False,False,False,False,False,False,False,False,False,False,False,False,False,False,False,False,True,False
13748,9,2064.35,1028,229.3722222222222,642,5,0.014018691588785047,0,False,False,False,False,False,False,False,False,False,False,False,False,False,False,False,False,False,True,False
13752,7,1579.8300000000002,1005,225.69000000000003,403,33,0.017369727047146403,0,False,False,False,False,False,False,False,False,False,False,False,False,False,False,False,False,False,True,False
13761,5,1373.23,661,274.646,476,89,0.01050420168067227,1,False,False,False,False,False,False,False,False,False,False,False,False,False,False,False,False,False,True,False
13765,1,352.821,297,352.821,1,562,1.0,0,False,False,False,False,False,False,False,False,False,False,False,False,False,False,False,False,False,True,False
13767,64,26359.58,11206,411.8684375,629,18,0.10174880763116058,1,False,False,False,False,False,False,False,False,False,False,False,False,False,False,False,False,False,True,False
13768,2,875.97,373,437.985,4,636,0.5,0,False,False,False,False,False,False,False,False,False,False,False,False,False,False,False,False,False,True,False
13770,4,785.37,468,196.3425,308,331,0.012987012987012988,0,False,False,False,False,False,False,False,False,False,False,False,False,False,False,False,False,False,True,False
13772,7,2660.36,1214,380.0514285714286,557,6,0.012567324955116697,1,False,False,False,False,False,False,False,False,False,False,False,False,False,False,False,False,False,True,False
13776,2,623.98,2,311.99,1,337,2.0,0,False,False,False,False,False,False,False,False,False,False,False,False,False,False,False,False,False,True,False
13798,95,67436.16,42543,709.8543157894737,637,2,0.14913657770800628,1,False,False,False,False,False,False,False,False,False,False,False,False,False,False,False,False,False,True,False
13817,1,128.7,63,128.7,1,261,1.0,1,False,False,False,False,False,False,False,True,False,False,False,False,False,False,False,False,False,False,False
13825,2,255.59,182,127.795,108,531,0.018518518518518517,0,False,False,False,False,False,False,False,False,False,False,False,False,False,False,False,False,False,True,False
13850,1,1595.48,944,1595.48,1,38,1.0,0,False,False,False,False,False,False,False,False,False,False,False,False,False,False,False,False,False,True,False
13869,10,7996.87,4302,799.687,567,32,0.01763668430335097,0,False,False,False,False,False,False,False,False,False,False,False,False,False,False,False,False,False,True,False
13907,1,136.8,68,136.8,1,600,1.0,0,False,False,False,False,False,False,False,False,False,False,False,False,False,False,False,False,False,True,False
13915,1,70.80000000000001,24,70.80000000000001,1,303,1.0,0,False,False,False,False,False,False,False,False,False,False,False,False,False,False,False,False,False,True,False
13936,3,939.6600000000001,661,313.22,234,89,0.01282051282051282,0,False,False,False,False,False,False,False,False,False,False,False,False,False,False,False,False,False,True,False
13937,2,880.13,587,440.065,233,78,0.008583690987124463,0,False,False,False,False,False,False,False,False,False,False,False,False,False,False,False,False,False,True,False
13977,1,519.8100000000001,303,519.8100000000001,1,320,1.0,0,False,False,False,False,False,False,False,False,False,False,False,False,False,False,False,False,False,True,False
14017,1,229.75,73,229.75,1,480,1.0,0,False,False,False,False,False,False,False,False,False,False,False,False,False,False,False,False,False,True,False
14033,1,109.44,576,109.44,1,464,1.0,0,False,False,False,False,False,False,False,False,False,False,False,False,False,False,False,False,False,True,False
14036,1,626.65,268,626.65,1,194,1.0,0,False,False,False,False,False,False,False,False,False,False,False,False,False,False,False,False,False,True,False
14044,9,2966.9900000000002,2043,329.66555555555556,580,12,0.015517241379310345,1,False,False,False,False,False,False,False,False,False,False,False,False,False,False,False,False,False,True,False
14064,14,3022.93,3651,215.92357142857142,574,22,0.024390243902439025,1,False,False,False,False,False,False,False,False,False,False,False,False,False,False,False,False,False,True,False
14106,1,214.8,24,214.8,1,646,1.0,0,False,False,False,False,False,False,False,False,False,False,False,False,False,False,False,False,False,True,False
14156,143,294916.33,155273,2062.3519580419584,645,2,0.22170542635658916,1,False,False,False,True,False,False,False,False,False,False,False,False,False,False,False,False,False,False,False
14173,3,249.2,84,83.06666666666666,511,128,0.005870841487279843,1,False,False,False,False,False,False,False,False,False,False,False,False,False,False,False,False,False,True,False
14194,27,12987.52,7440,481.0192592592593,596,15,0.04530201342281879,1,False,False,False,False,False,False,False,False,False,False,False,False,False,False,False,False,False,True,False
14201,8,967.34,576,120.9175,439,58,0.018223234624145785,1,False,False,False,False,False,False,False,False,False,False,False,False,False,False,False,False,False,True,False
14206,3,1185.01,930,395.00333333333333,163,148,0.018404907975460124,0,False,False,False,False,False,False,False,False,False,False,False,False,False,False,False,False,False,True,False
14217,16,2505.11,921,156.569375,427,8,0.03747072599531616,1,False,False,False,False,False,False,False,False,False,False,False,False,False,False,False,False,False,True,False
14225,4,2031.07,1167,507.7675,261,344,0.01532567049808429,0,False,False,False,False,False,False,False,False,False,False,False,False,False,False,False,False,False,True,False
14227,12,5417.27,3507,451.4391666666667,473,105,0.02536997885835095,1,False,False,False,False,False,False,False,False,False,False,False,False,False,False,False,False,False,True,False
14233,6,2400.65,991,400.10833333333335,432,121,0.013888888888888888,1,False,False,False,False,False,False,False,False,False,False,False,False,False,False,False,False,False,True,False
14240,2,584.0,316,292.0,197,135,0.01015228426395939,1,False,False,False,False,False,False,False,False,False,False,False,False,False,False,False,False,False,True,False
14265,4,1373.35,715,343.3375,502,18,0.00796812749003984,0,False,False,False,False,False,False,False,False,False,False,False,False,False,False,False,False,False,False,True
14268,1,354.85,147,354.85,1,380,1.0,0,False,False,False,False,False,False,False,False,False,False,False,False,False,False,False,False,False,True,False
14284,1,704.4,349,704.4,1,563,1.0,1,False,False,False,False,False,False,False,False,False,False,False,False,False,False,False,False,False,True,False
14286,5,5901.09,6455,1180.218,492,152,0.01016260162601626,1,False,False,False,False,False,False,False,False,False,False,False,False,False,False,False,False,False,True,False
14296,2,456.4,314,228.2,152,330,0.013157894736842105,0,False,False,False,False,False,False,False,False,False,False,False,False,False,False,False,False,False,True,False
14303,2,277.94,218,138.97,27,316,0.07407407407407407,0,False,False,False,False,False,False,False,False,False,False,False,False,False,False,False,False,False,True,False
14309,9,3061.98,2150,340.22,457,2,0.019693654266958426,1,False,False,False,False,False,False,False,False,False,False,False,False,False,False,False,False,False,True,False
14312,10,2525.89,1372,252.589,412,0,0.024271844660194174,1,False,False,False,False,False,False,False,False,False,False,False,False,False,False,False,False,False,True,False
14335,1,347.5,337,347.5,1,5,1.0,1,False,False,False,False,False,False,False,True,False,False,False,False,False,False,False,False,False,False,False
14360,1,1124.49,733,1124.49,1,4,1.0,1,False,False,False,False,False,False,False,False,False,False,False,False,False,False,False,False,False,True,False
14364,8,3717.35,1967,464.66875,102,18,0.0784313725490196,0,False,False,False,False,False,False,False,False,False,False,False,False,False,False,False,False,False,True,False
14369,2,469.13,255,234.565,19,551,0.10526315789473684,0,False,False,False,False,False,False,False,False,False,False,False,False,False,False,False,False,False,True,False
14380,1,48.96,1,48.96,1,591,1.0,0,False,False,False,False,False,False,False,False,False,False,False,False,False,False,False,False,False,True,False
14394,1,93.8,58,93.8,1,474,1.0,0,False,False,False,False,False,False,False,False,False,False,False,False,False,False,False,False,False,True,False
14406,1,156.75,77,156.75,1,28,1.0,0,False,False,False,False,False,False,False,False,False,False,False,False,False,False,False,False,False,True,False
14407,6,2157.73,1415,359.62166666666667,169,16,0.03550295857988166,0,False,False,False,False,False,False,False,False,False,False,False,False,False,False,False,False,False,True,False
14419,3,509.99,230,169.99666666666667,130,162,0.023076923076923078,1,False,False,False,False,False,False,False,False,False,False,False,False,False,False,False,False,False,True,False
14426,13,10131.85,5927,779.373076923077,504,50,0.025793650793650792,1,False,False,False,False,False,False,False,False,False,False,False,False,False,False,False,False,False,True,False
14431,4,2614.2,1202,653.55,384,212,0.010416666666666666,0,False,False,False,False,False,False,False,False,False,False,False,False,False,False,False,False,False,True,False
14433,1,280.7,131,280.7,1,374,1.0,0,False,False,False,False,False,False,False,False,False,False,False,False,False,False,False,False,False,True,False
14437,5,873.34,420,174.668,217,275,0.02304147465437788,0,False,False,False,False,False,False,False,False,False,False,False,False,False,False,False,False,False,True,False
14446,2,492.96999999999997,493,246.48499999999999,140,155,0.014285714285714285,1,False,False,False,False,False,False,False,False,False,False,False,False,False,False,False,False,False,True,False
14448,1,102.35000000000001,44,102.35000000000001,1,273,1.0,1,False,False,False,False,False,False,False,False,False,False,False,False,False,False,False,False,False,True,False
14453,1,119.93,49,119.93,1,99,1.0,0,False,False,False,False,False,False,False,False,False,False,False,False,False,False,False,False,False,True,False
14464,2,111.0,62,55.5,59,477,0.03389830508474576,0,False,False,False,False,False,False,False,False,False,False,False,False,False,False,False,False,False,True,False
14492,7,1921.91,751,274.55857142857144,188,339,0.03723404255319149,0,False,False,False,False,False,False,False,False,False,False,False,False,False,False,False,False,False,True,False
14524,9,2094.9,916,232.76666666666668,238,87,0.037815126050420166,1,False,False,False,False,False,False,False,False,False,False,False,False,False,False,False,False,False,True,False
14526,1,258.65,178,258.65,1,298,1.0,0,False,False,False,False,False,False,False,False,False,False,False,False,False,False,False,False,False,True,False
14533,6,2251.63,2931,375.2716666666667,497,22,0.012072434607645875,1,False,False,False,False,False,False,False,False,False,False,False,False,False,False,False,False,False,True,False
14535,8,4771.2,2356,596.4,526,36,0.015209125475285171,1,False,False,False,False,False,False,False,False,False,False,False,False,False,False,False,False,False,True,False
14549,4,913.6,394,228.4,425,220,0.009411764705882352,0,False,False,False,False,False,False,False,False,False,False,False,False,False,False,False,False,False,True,False
14553,6,1271.65,807,211.9416666666667,290,128,0.020689655172413793,1,False,False,False,False,False,False,False,False,False,False,False,False,False,False,False,False,False,True,False
14555,5,2177.83,810,435.566,419,211,0.011933174224343675,1,False,False,False,False,False,False,False,False,False,False,False,False,False,False,False,False,False,True,False
14588,1,135.39,62,135.39,1,487,1.0,0,False,False,False,False,False,False,False,False,False,False,False,False,False,False,False,False,False,True,False
14598,1,162.07,165,162.07,1,478,1.0,1,False,False,False,False,False,False,False,False,False,False,False,False,False,False,False,False,False,True,False
14602,1,205.35999999999999,80,205.35999999999999,1,565,1.0,0,False,False,False,False,False,False,False,False,False,False,False,False,False,False,False,False,False,True,False
14608,8,1771.79,538,221.47375,371,271,0.0215633423180593,1,False,False,False,False,False,False,False,False,False,False,False,False,False,False,False,False,False,True,False
14612,1,877.7,134,877.7,1,324,1.0,0,False,False,False,False,False,False,False,False,False,False,False,False,False,False,False,False,False,True,False
14623,8,1736.44,872,217.055,485,25,0.016494845360824743,1,False,False,False,False,False,False,False,False,False,False,False,False,False,False,False,False,False,True,False
14637,1,106.68,100,106.68,1,586,1.0,0,False,False,False,False,False,False,False,False,False,False,False,False,False,False,False,False,False,True,False
14650,1,62.5,22,62.5,1,498,1.0,0,False,False,False,False,False,False,False,False,False,False,False,False,False,False,False,False,False,True,False
14660,1,128.95,104,128.95,1,10,1.0,1,False,False,False,False,False,False,False,False,False,False,False,False,False,False,False,False,False,True,False
14701,13,3902.4500000000003,1489,300.1884615384616,511,82,0.025440313111545987,1,False,False,False,False,False,False,False,False,False,False,False,False,False,False,False,False,False,True,False
14722,3,489.52,214,163.17333333333332,339,56,0.008849557522123894,0,False,False,False,False,False,False,False,False,False,False,False,False,False,False,False,False,False,True,False
14743,1,50.480000000000004,40,50.480000000000004,1,502,1.0,0,False,False,False,False,False,False,False,False,False,False,False,False,False,False,False,False,False,True,False
14754,5,1138.15,697,227.63000000000002,395,204,0.012658227848101266,1,False,False,False,False,False,False,False,False,False,False,False,False,False,False,False,False,False,True,False
14761,2,289.52000000000004,146,144.76000000000002,109,244,0.01834862385321101,1,False,False,False,False,False,False,False,False,False,False,False,False,False,False,False,False,False,True,False
14779,3,386.15,84,128.71666666666667,43,189,0.06976744186046512,0,False,False,False,False,False,False,False,False,False,False,False,False,False,False,False,False,False,True,False
14788,1,476.88,298,476.88,1,505,1.0,1,False,False,False,False,False,False,False,False,False,False,False,False,False,False,False,False,False,True,False
14795,1,131.45000000000002,17,131.45000000000002,1,75,1.0,0,False,False,False,False,False,False,False,False,False,False,False,False,False,False,False,False,False,True,False
14839,3,915.28,927,305.0933333333333,285,327,0.010526315789473684,0,False,False,False,False,False,False,False,False,False,False,False,False,False,False,False,False,False,True,False
14841,12,6242.81,3621,520.2341666666667,557,88,0.02154398563734291,1,False,False,False,False,False,False,False,False,False,False,False,False,False,False,False,False,False,True,False
14853,4,1115.57,297,278.8925,394,120,0.01015228426395939,1,False,False,False,False,False,False,False,False,False,False,False,False,False,False,False,False,False,True,False
14862,1,304.1,430,304.1,1,58,1.0,1,False,False,False,False,False,False,False,False,False,False,False,False,False,False,False,False,False,True,False
14879,1,185.06,104,185.06,1,594,1.0,0,False,False,False,False,False,False,False,False,False,False,False,False,False,False,False,False,False,True,False
14883,2,358.48,322,179.24,47,73,0.0425531914893617,1,False,False,False,False,False,False,False,False,False,False,False,False,False,False,False,False,False,True,False
14903,4,2398.62,1330,599.655,154,33,0.025974025974025976,1,False,False,False,False,False,False,False,False,False,False,False,False,False,False,False,False,False,True,False
14904,2,605.05,537,302.525,19,317,0.10526315789473684,1,False,False,False,False,False,False,False,False,False,False,False,False,False,False,False,False,False,True,False
14909,3,1404.68,888,468.2266666666667,226,346,0.01327433628318584,0,False,False,False,False,False,False,False,False,False,False,False,False,False,False,False,False,False,True,False
14911,309,229613.43,111191,743.0855339805825,645,2,0.4790697674418605,1,False,False,False,True,False,False,False,False,False,False,False,False,False,False,False,False,False,False,False
14984,5,1160.37,310,232.07399999999998,516,90,0.009689922480620155,1,False,False,False,False,False,False,False,False,False,False,False,False,False,False,False,False,False,True,False
14997,2,385.68,600,192.84,477,87,0.0041928721174004195,1,False,False,False,False,False,False,False,False,False,False,False,False,False,False,False,False,False,True,False
15002,9,4138.08,2214,459.78666666666663,580,25,0.015517241379310345,0,False,False,False,False,False,False,False,False,False,False,False,False,False,False,False,False,False,True,False
15005,48,11966.76,7456,249.3075,642,5,0.07476635514018691,1,False,False,False,False,False,False,False,False,False,False,False,False,False,False,False,False,False,True,False
15024,11,2753.58,1426,250.32545454545453,311,22,0.03536977491961415,1,False,False,False,False,False,False,False,False,False,False,False,False,False,False,False,False,False,True,False
15030,7,1614.39,1009,230.62714285714287,376,177,0.018617021276595744,1,False,False,False,False,False,False,False,False,False,False,False,False,False,False,False,False,False,True,False
15047,1,343.62,222,343.62,1,179,1.0,0,False,False,False,False,False,False,False,False,False,False,False,False,False,False,False,False,False,True,False
15048,3,321.48,170,107.16000000000001,251,26,0.01195219123505976,1,False,False,False,False,False,False,False,False,False,False,False,False,False,False,False,False,False,True,False
15050,2,2349.5,1384,1174.75,59,330,0.03389830508474576,1,False,False,False,False,False,False,False,False,False,False,False,False,False,False,False,False,False,True,False
15058,12,2519.8,1198,209.98333333333335,528,34,0.022727272727272728,1,False,False,False,False,False,False,False,False,False,False,False,False,False,False,False,False,False,True,False
15064,4,1254.41,810,313.6025,306,319,0.013071895424836602,0,False,False,False,False,False,False,False,False,False,False,False,False,False,False,False,False,False,True,False
15070,3,737.0500000000001,339,245.68333333333337,351,282,0.008547008547008548,0,False,False,False,False,False,False,False,False,False,False,False,False,False,False,False,False,False,True,False
15079,11,3625.4,1459,329.58181818181816,519,121,0.02119460500963391,0,False,False,False,False,False,False,False,False,False,False,False,False,False,False,False,False,False,True,False
15081,9,1597.82,672,177.53555555555556,327,117,0.027522935779816515,1,False,False,False,False,False,False,False,False,False,False,False,False,False,False,False,False,False,True,False
15108,4,1300.25,499,325.0625,85,51,0.047058823529411764,0,False,False,False,False,True,False,False,False,False,False,False,False,False,False,False,False,False,False,False
15116,2,790.97,255,395.485,70,44,0.02857142857142857,1,False,False,False,False,False,False,False,False,False,False,False,False,False,False,False,False,False,True,False
15117,5,1609.92,2230,321.98400000000004,513,30,0.009746588693957114,1,False,False,False,False,False,False,False,False,False,False,False,False,False,False,False,False,False,True,False
15129,22,6209.51,3829,282.25045454545455,503,16,0.0437375745526839,1,False,False,False,False,False,False,False,False,False,False,False,False,False,False,False,False,False,True,False
15134,6,823.16,560,137.19333333333333,295,36,0.020338983050847456,1,False,False,False,False,False,False,False,False,False,False,False,False,False,False,False,False,False,True,False
15139,2,178.96,208,89.48,96,149,0.020833333333333332,0,False,False,False,False,False,False,False,False,False,False,False,False,False,False,False,False,False,True,False
15143,2,563.63,320,281.815,206,135,0.009708737864077669,0,False,False,False,False,False,False,False,False,False,False,False,False,False,False,False,False,False,True,False
15165,1,487.75,160,487.75,1,282,1.0,0,False,False,False,False,False,False,False,False,False,False,False,False,False,False,False,False,False,True,False
15204,1,316.58,258,316.58,1,266,1.0,0,False,False,False,False,False,False,False,False,False,False,False,False,False,False,False,False,False,True,False
15220,5,1284.05,1137,256.81,165,24,0.030303030303030304,1,False,False,False,False,False,False,False,False,False,False,False,False,False,False,False,False,False,True,False
15231,1,250.26000000000002,190,250.26000000000002,1,530,1.0,0,False,False,False,False,False,False,False,False,False,False,False,False,False,False,False,False,False,True,False
15236,1,321.05,269,321.05,1,208,1.0,0,False,False,False,False,False,False,False,False,False,False,False,False,False,False,False,False,False,True,False
15262,3,418.82,218,139.60666666666665,164,232,0.018292682926829267,0,False,False,False,False,False,False,False,False,False,False,False,False,False,False,False,False,False,True,False
15269,2,816.5600000000001,346,408.28000000000003,10,289,0.2,1,False,False,False,False,False,False,False,False,False,False,False,False,False,False,False,False,False,True,False
15273,1,228.96,216,228.96,1,509,1.0,0,False,False,False,False,False,False,False,False,False,False,False,False,False,False,False,False,False,True,False
15291,37,12534.48,4259,338.7697297297297,641,4,0.057722308892355696,1,False,False,False,False,False,False,False,False,False,False,False,False,False,False,False,False,False,True,False
15305,1,93.6,40,93.6,1,464,1.0,0,False,False,False,False,False,False,False,False,False,False,False,False,False,False,False,False,False,True,False
15341,1,382.2,196,382.2,1,358,1.0,1,False,False,False,False,False,False,False,False,False,False,False,False,False,False,False,False,False,True,False
15401,2,216.95,93,108.475,116,361,0.017241379310344827,0,False,False,False,False,False,False,False,False,False,False,False,False,False,False,False,False,False,True,False
15447,5,492.88,228,98.576,294,240,0.017006802721088437,0,False,False,False,False,False,False,False,False,False,False,False,False,False,False,False,False,False,True,False
15459,2,202.83,121,101.415,80,326,0.025,0,False,False,False,False,False,False,False,False,False,False,False,False,False,False,False,False,False,True,False
15461,2,429.7,230,214.85,170,369,0.011764705882352941,0,False,False,False,False,False,False,False,False,False,False,False,False,False,False,False,False,False,True,False
15471,2,837.53,414,418.765,170,289,0.011764705882352941,1,False,False,False,False,False,False,False,False,False,False,False,False,False,False,False,False,False,True,False
15477,1,368.4,216,368.4,1,559,1.0,0,False,False,False,False,False,False,False,False,False,False,False,False,False,False,False,False,False,True,False
15498,36,20782.83,10554,577.3008333333333,602,30,0.059800664451827246,1,False,False,False,False,False,False,False,False,False,False,False,False,False,False,False,False,False,True,False
15501,2,399.95,205,199.975,10,314,0.2,0,False,False,False,False,False,False,False,False,False,False,False,False,False,False,False,False,False,True,False
15517,1,267.03,293,267.03,1,142,1.0,0,False,False,False,False,False,False,False,False,False,False,False,False,False,False,False,False,False,True,False
15523,15,16847.18,15501,1123.1453333333334,349,297,0.04297994269340974,1,False,False,False,False,False,False,False,False,False,False,False,False,False,False,False,False,False,True,False
15528,1,229.33,123,229.33,1,163,1.0,0,False,False,False,False,False,False,False,False,False,False,False,False,False,False,False,False,False,True,False
15559,1,1109.4,526,1109.4,1,477,1.0,0,False,False,False,False,False,False,False,False,False,False,False,False,False,False,False,False,False,True,False
15561,7,1583.47,1162,226.21,513,59,0.01364522417153996,1,False,False,False,False,False,False,False,False,False,False,False,False,False,False,False,False,False,True,False
15572,7,2984.57,1563,426.3671428571429,494,19,0.01417004048582996,1,False,False,False,False,False,False,False,False,False,False,False,False,False,False,False,False,False,True,False
15577,5,396.03,120,79.20599999999999,575,60,0.008695652173913044,0,False,False,False,False,False,False,False,False,False,False,False,False,False,False,False,False,False,True,False
15585,1,455.3,320,455.3,1,86,1.0,0,False,False,False,False,False,False,False,False,False,False,False,False,False,False,False,False,False,True,False
15586,3,1139.1000000000001,1338,379.70000000000005,108,502,0.027777777777777776,0,False,False,False,False,False,False,False,False,False,False,False,False,False,False,False,False,False,True,False
15603,1,40.0,32,40.0,1,557,1.0,1,False,False,False,False,False,False,False,False,False,False,False,False,False,False,False,False,False,True,False
15618,3,419.041,215,139.68033333333332,44,1,0.06818181818181818,1,False,False,False,False,False,False,False,False,False,False,False,False,False,False,False,False,False,True,False
15624,4,588.13,357,147.0325,139,26,0.02877697841726619,0,False,False,False,False,False,False,False,False,False,False,False,False,False,False,False,False,False,True,False
15629,4,2240.9,1518,560.225,82,359,0.04878048780487805,0,False,False,False,False,False,False,False,False,False,False,False,False,False,False,False,False,False,True,False
15646,5,784.8100000000001,821,156.96200000000002,252,67,0.01984126984126984,0,False,False,False,False,False,False,False,False,False,False,False,False,False,False,False,False,False,True,False
15663,1,138.14,106,138.14,1,15,1.0,0,False,False,False,False,False,False,False,False,False,False,False,False,False,False,False,False,False,True,False
15670,2,325.2,132,162.6,259,206,0.007722007722007722,0,False,False,False,False,False,False,False,False,False,False,False,False,False,False,False,False,False,True,False
15734,4,2263.3,516,565.825,432,24,0.009259259259259259,0,False,False,False,False,False,False,False,False,False,False,False,False,False,False,False,False,False,True,False
15743,2,434.05,119,217.025,71,22,0.028169014084507043,1,False,False,False,False,False,False,False,False,False,False,False,False,False,False,False,False,False,True,False
15751,11,1380.44,443,125.49454545454546,272,369,0.04044117647058824,0,False,False,False,False,False,False,False,False,False,False,False,False,False,False,False,False,False,True,False
15759,7,830.9300000000001,523,118.70428571428572,519,127,0.01348747591522158,0,False,False,False,False,False,False,False,False,False,False,False,False,False,False,False,False,False,True,False
15761,1,143.05,31,143.05,1,352,1.0,0,False,False,False,False,False,False,False,False,False,False,False,False,False,False,False,False,False,True,False
15769,39,74223.52,41536,1903.1671794871795,627,11,0.06220095693779904,1,False,False,False,False,False,False,False,False,False,False,False,False,False,False,False,False,False,True,False
15781,2,211.3,66,105.65,168,46,0.011904761904761904,1,False,False,False,False,False,False,False,False,False,False,False,False,False,False,False,False,False,True,False
15791,4,3218.89,1797,804.7225,437,113,0.009153318077803204,1,False,False,False,False,False,False,False,False,False,False,False,False,False,False,False,False,False,True,False
15792,2,933.84,606,466.92,218,309,0.009174311926605505,0,False,False,False,False,False,False,False,False,False,False,False,False,False,False,False,False,False,True,False
15794,2,777.0,288,388.5,1,645,2.0,0,False,False,False,False,False,False,False,False,False,False,False,False,False,False,False,False,False,True,False
15820,1,206.98,128,206.98,1,229,1.0,0,False,False,False,False,False,False,False,False,False,False,False,False,False,False,False,False,False,True,False
15846,1,107.01,79,107.01,1,294,1.0,0,False,False,False,False,False,False,False,False,False,False,False,False,False,False,False,False,False,True,False
15873,4,313.91999999999996,1152,78.47999999999999,1,408,4.0,0,False,False,False,False,False,False,False,False,False,False,False,False,False,False,False,False,False,True,False
15901,5,446.48,525,89.296,388,63,0.01288659793814433,1,False,False,False,False,False,False,False,False,False,False,False,False,False,False,False,False,False,True,False
15906,7,1760.21,447,251.45857142857145,305,54,0.022950819672131147,1,False,False,False,False,False,False,False,False,False,False,False,False,False,False,False,False,False,True,False
15918,3,582.88,240,194.29333333333332,441,100,0.006802721088435374,0,False,False,False,False,False,False,False,False,False,False,False,False,False,False,False,False,False,True,False
15920,9,569.14,238,63.23777777777778,571,63,0.01576182136602452,0,False,False,False,False,False,False,False,False,False,False,False,False,False,False,False,False,False,True,False
15953,14,2607.1,1300,186.22142857142856,524,121,0.026717557251908396,1,False,False,False,False,False,False,False,False,False,False,False,False,False,False,False,False,False,True,False
15980,5,4905.0,3854,981.0,302,163,0.016556291390728478,1,False,False,False,False,False,False,False,False,False,False,False,False,False,False,False,False,False,True,False
16012,4,2695.42,1512,673.855,401,38,0.00997506234413965,1,False,False,False,False,False,False,False,False,False,False,False,False,False,False,False,False,False,True,False
16033,23,7694.54,2820,334.54521739130433,376,17,0.061170212765957445,1,False,False,False,False,False,False,False,False,False,False,False,False,False,False,False,False,False,True,False
16049,3,777.34,369,259.11333333333334,141,284,0.02127659574468085,1,False,False,False,False,False,False,False,False,False,False,False,False,False,False,False,False,False,True,False
16051,1,188.44,80,188.44,1,591,1.0,0,False,False,False,False,False,False,False,False,False,False,False,False,False,False,False,False,False,True,False
16057,9,3135.96,1448,348.44,604,5,0.014900662251655629,1,False,False,False,False,False,False,False,False,False,False,False,False,False,False,False,False,False,True,False
16062,7,2487.97,1885,355.4242857142857,402,42,0.017412935323383085,1,False,False,False,False,False,False,False,False,False,False,False,False,False,False,False,False,False,True,False
16097,1,185.04999999999998,87,185.04999999999998,1,149,1.0,0,False,False,False,False,False,False,False,False,False,False,False,False,False,False,False,False,False,True,False
16112,4,195.74,574,48.935,195,52,0.020512820512820513,0,False,False,False,False,False,False,False,False,False,False,False,False,False,False,False,False,False,True,False
16121,4,881.32,442,220.33,350,125,0.011428571428571429,1,False,False,False,False,False,False,False,False,False,False,False,False,False,False,False,False,False,True,False
16130,4,987.48,296,246.87,195,331,0.020512820512820513,0,False,False,False,False,False,False,False,False,False,False,False,False,False,False,False,False,False,True,False
16146,4,946.38,544,236.595,291,66,0.013745704467353952,0,False,False,False,False,False,False,False,False,False,False,False,False,False,False,False,False,False,True,False
16162,1,37.4,4,37.4,1,161,1.0,0,False,False,False,False,False,False,False,False,False,False,False,False,False,False,False,False,False,True,False
16167,5,1386.12,1494,277.224,324,323,0.015432098765432098,0,False,False,False,False,False,False,False,False,False,False,False,False,False,False,False,False,False,True,False
16199,7,942.75,321,134.67857142857142,238,301,0.029411764705882353,0,False,False,False,False,False,False,False,False,False,False,False,False,False,False,False,False,False,True,False
16201,2,552.45,343,276.225,305,19,0.006557377049180328,1,False,False,False,False,False,False,False,False,False,False,False,False,False,False,False,False,False,True,False
16204,2,534.53,453,267.265,350,289,0.005714285714285714,1,False,False,False,False,False,False,False,False,False,False,False,False,False,False,False,False,False,True,False
16229,5,2215.46,1066,443.092,351,122,0.014245014245014245,1,False,False,False,False,False,False,False,False,False,False,False,False,False,False,False,False,False,True,False
16262,1,755.15,446,755.15,1,287,1.0,0,False,False,False,False,False,False,False,False,False,False,False,False,False,False,False,False,False,True,False
16272,1,411.7,224,411.7,1,26,1.0,0,False,False,False,False,False,False,False,False,False,False,False,False,False,False,False,False,False,True,False
16290,4,1957.7,957,489.425,101,374,0.039603960396039604,0,False,False,False,False,False,False,False,False,False,False,False,False,False,False,False,False,False,True,False
16298,5,601.8,160,120.35999999999999,255,96,0.0196078431372549,1,False,False,False,False,False,False,False,False,False,False,False,False,False,False,False,False,False,True,False
16309,2,706.57,467,353.285,134,15,0.014925373134328358,0,False,False,False,False,False,False,False,False,False,False,False,False,False,False,False,False,False,True,False
16340,3,1496.24,1319,498.74666666666667,444,16,0.006756756756756757,0,False,False,False,False,False,False,False,False,False,False,False,False,False,False,False,False,False,True,False
16341,4,2676.57,2158,669.1425,408,110,0.00980392156862745,1,False,False,False,False,False,False,False,False,False,False,False,False,False,False,False,False,False,True,False
16347,9,2595.51,1374,288.39000000000004,249,297,0.03614457831325301,1,False,False,False,False,False,False,False,False,False,False,False,False,False,False,False,False,False,True,False
16349,1,53.5,9,53.5,1,199,1.0,0,False,False,False,False,False,False,False,False,False,False,False,False,False,False,False,False,False,True,False
16357,3,467.44,198,155.81333333333333,218,71,0.013761467889908258,1,False,False,False,False,False,False,False,False,False,False,False,False,False,False,False,False,False,True,False
16367,2,716.9,547,358.45,20,272,0.1,1,False,False,False,False,False,False,False,False,False,False,False,False,False,False,False,False,False,True,False
16372,3,934.58,564,311.5266666666667,197,318,0.015228426395939087,1,False,False,False,False,False,False,False,False,False,False,False,False,False,False,False,False,False,True,False
16373,2,309.49,119,154.745,29,291,0.06896551724137931,0,False,False,False,False,False,False,False,False,False,False,False,False,False,False,False,False,False,True,False
16388,1,186.05,83,186.05,1,563,1.0,0,False,False,False,False,False,False,False,False,False,False,False,False,False,False,False,False,False,True,False
16392,3,756.7,604,252.23333333333335,292,178,0.010273972602739725,0,False,False,False,False,False,False,False,False,False,False,False,False,False,False,False,False,False,True,False
16394,3,933.1,1404,311.03333333333336,118,80,0.025423728813559324,1,False,False,False,False,False,False,False,False,False,False,False,False,False,False,False,False,False,True,False
16419,8,1463.7,701,182.9625,555,21,0.014414414414414415,0,False,False,False,False,False,False,False,False,False,False,False,False,False,False,False,False,False,True,False
16420,1,75.0,120,75.0,1,305,1.0,0,False,False,False,False,False,False,False,False,False,False,False,False,False,False,False,False,False,True,False
16421,3,526.27,123,175.42333333333332,93,285,0.03225806451612903,0,False,False,False,False,False,False,False,False,False,False,False,False,False,False,False,False,False,True,False
16435,3,1003.0699999999999,608,334.3566666666666,2,421,1.5,0,False,False,False,False,False,False,False,False,False,False,False,False,False,False,False,False,False,True,False
16448,2,361.12,176,180.56,272,107,0.007352941176470588,0,False,False,False,False,False,False,False,False,False,False,False,False,False,False,False,False,False,True,False
16454,2,24.05,6,12.025,4,516,0.5,1,False,False,False,False,False,False,False,False,False,False,False,False,False,False,False,False,False,True,False
16456,13,6000.94,3296,461.6107692307692,521,8,0.02495201535508637,0,False,False,False,False,False,False,False,False,False,False,False,False,False,False,False,False,False,True,False
16476,1,350.35,187,350.35,1,341,1.0,0,False,False,False,False,False,False,False,False,False,False,False,False,False,False,False,False,False,True,False
16491,1,801.66,582,801.66,1,322,1.0,1,False,False,False,False,False,False,False,False,False,False,False,False,False,False,False,False,False,True,False
16500,4,608.05,264,152.0125,212,240,0.018867924528301886,1,False,False,False,False,False,False,False,False,False,False,False,False,False,False,False,False,False,True,False
16503,11,3614.34,1535,328.5763636363636,429,16,0.02564102564102564,0,False,False,False,False,False,False,False,False,False,False,False,False,False,False,False,False,False,True,False
16518,3,665.75,321,221.91666666666666,272,193,0.011029411764705883,1,False,False,False,False,False,False,False,False,False,False,False,False,False,False,False,False,False,True,False
16520,6,2148.38,1045,358.06333333333333,460,95,0.013043478260869565,0,False,False,False,False,False,False,False,False,False,False,False,False,False,False,False,False,False,True,False
16529,4,1986.8,739,496.7,340,99,0.011764705882352941,0,False,False,False,False,False,False,False,False,False,False,False,False,False,False,False,False,False,True,False
16544,4,376.70000000000005,150,94.17500000000001,142,429,0.028169014084507043,0,False,False,False,False,False,False,False,False,False,False,False,False,False,False,False,False,False,True,False
16547,1,104.25999999999999,108,104.25999999999999,1,455,1.0,0,False,False,False,False,False,False,False,False,False,False,False,False,False,False,False,False,False,True,False
16549,26,9527.26,5306,366.43307692307695,496,33,0.05241935483870968,1,False,False,False,False,False,False,False,False,False,False,False,False,False,False,False,False,False,True,False
16571,9,3723.84,3355,413.76,455,85,0.01978021978021978,1,False,False,False,False,False,False,False,False,False,False,False,False,False,False,False,False,False,True,False
16614,3,1179.79,349,393.2633333333333,395,92,0.007594936708860759,0,False,False,False,False,False,False,False,False,False,False,False,False,False,False,False,False,False,True,False
16651,1,136.2,60,136.2,1,496,1.0,0,False,False,False,False,False,False,False,False,False,False,False,False,False,False,False,False,False,True,False
16655,10,4500.93,2608,450.093,545,40,0.01834862385321101,1,False,False,False,False,False,False,False,False,False,False,False,False,False,False,False,False,False,True,False
16659,1,39.12,72,39.12,1,98,1.0,0,False,False,False,False,False,False,False,False,False,False,False,False,False,False,False,False,False,True,False
16668,12,822.22,713,68.51833333333333,514,25,0.023346303501945526,1,False,False,False,False,False,False,False,False,False,False,False,False,False,False,False,False,False,True,False
16678,8,2137.3,1638,267.1625,184,8,0.043478260869565216,1,False,False,False,False,False,False,False,False,False,False,False,False,False,False,False,False,False,True,False
16680,2,637.75,283,318.875,6,437,0.3333333333333333,1,False,False,False,False,False,False,False,False,False,False,False,False,False,False,False,False,False,True,False
16691,2,178.83,92,89.415,143,327,0.013986013986013986,0,False,False,False,False,False,False,False,False,False,False,False,False,False,False,False,False,False,True,False
16705,32,39260.411,20752,1226.88784375,631,8,0.05071315372424723,1,False,False,False,False,False,False,False,False,False,False,False,False,False,False,False,False,False,True,False
16707,4,533.41,396,133.3525,239,309,0.016736401673640166,0,False,False,False,False,False,False,False,False,False,False,False,False,False,False,False,False,False,True,False
16710,19,5288.44,3736,278.33894736842103,597,47,0.031825795644891124,1,False,False,False,False,False,False,False,False,False,False,False,False,False,False,False,False,False,True,False
16714,4,1497.33,828,374.3325,451,128,0.008869179600886918,0,False,False,False,False,False,False,False,False,False,False,False,False,False,False,False,False,False,True,False
16720,2,605.79,280,302.895,345,285,0.005797101449275362,1,False,False,False,False,False,False,False,False,False,False,False,False,False,False,False,False,False,True,False
16726,6,1482.3,890,247.04999999999998,214,105,0.028037383177570093,1,False,False,False,False,False,False,False,False,False,False,False,False,False,False,False,False,False,True,False
16737,1,417.6,288,417.6,1,487,1.0,1,False,False,False,False,False,False,False,False,False,False,False,False,False,False,False,False,False,True,False
16743,13,3859.92,3338,296.91692307692307,483,22,0.026915113871635612,1,False,False,False,False,False,False,False,False,False,False,False,False,False,False,False,False,False,True,False
16749,2,4157.88,1910,2078.94,132,500,0.015151515151515152,0,False,False,False,False,False,False,False,False,False,False,False,False,False,False,False,False,False,True,False
16805,5,1091.34,1120,218.26799999999997,557,83,0.008976660682226212,0,False,False,False,False,False,False,False,False,False,False,False,False,False,False,False,False,False,True,False
16841,11,3697.3,3106,336.1181818181818,559,46,0.01967799642218247,1,False,False,False,False,False,False,False,False,False,False,False,False,False,False,False,False,False,True,False
16843,32,18184.1,17377,568.253125,635,3,0.050393700787401574,1,False,False,False,False,False,False,False,False,False,False,False,False,False,False,False,False,False,True,False
16859,7,1932.41,1899,276.05857142857144,500,53,0.014,0,False,False,False,False,False,False,False,False,False,False,False,False,False,False,False,False,False,True,False
16883,19,2246.06,1016,118.21368421052631,548,96,0.03467153284671533,0,False,False,False,False,False,False,False,False,False,False,False,False,False,False,False,False,False,True,False
16893,2,249.89000000000001,117,124.94500000000001,9,276,0.2222222222222222,0,False,False,False,False,False,False,False,False,False,False,False,False,False,False,False,False,False,True,False
16895,4,900.63,330,225.1575,227,348,0.01762114537444934,1,False,False,False,False,False,False,False,False,False,False,False,False,False,False,False,False,False,True,False
16903,2,678.55,470,339.275,35,289,0.05714285714285714,1,False,False,False,False,False,False,False,False,False,False,False,False,False,False,False,False,False,True,False
16922,1,611.08,281,611.08,1,482,1.0,0,False,False,False,False,False,False,False,False,False,False,False,False,False,False,False,False,False,True,False
16928,27,3453.48,2246,127.90666666666667,580,3,0.04655172413793104,1,False,False,False,False,False,False,False,False,False,False,False,False,False,False,False,False,False,True,False
16931,16,3374.68,2190,210.9175,294,12,0.05442176870748299,1,False,False,False,False,False,False,False,False,False,False,False,False,False,False,False,False,False,True,False
16960,6,1685.36,1283,280.8933333333333,394,162,0.015228426395939087,1,False,False,False,False,False,False,False,False,False,False,False,False,False,False,False,False,False,True,False
16980,3,1422.83,990,474.27666666666664,173,164,0.017341040462427744,0,False,False,False,False,False,False,False,False,False,False,False,False,False,False,False,False,False,True,False
16983,9,2770.01,1711,307.7788888888889,349,6,0.025787965616045846,1,False,False,False,False,False,False,False,False,False,False,False,False,False,False,False,False,False,True,False
16997,3,702.0,360,234.0,37,197,0.08108108108108109,0,False,False,False,False,False,False,False,False,False,False,False,False,False,False,False,False,False,True,False
17018,5,1772.6,340,354.52,408,235,0.012254901960784314,1,False,False,False,False,False,False,False,False,False,False,False,False,False,False,False,False,False,True,False
17032,8,2984.32,1667,373.04,181,456,0.04419889502762431,0,False,False,False,False,False,False,False,False,False,False,False,False,False,False,False,False,False,True,False
17049,15,6894.150000000001,2683,459.61,528,26,0.028409090909090908,1,False,False,False,False,False,False,False,False,False,False,False,False,False,False,False,False,False,True,False
17068,42,7974.83,3835,189.87690476190477,526,3,0.07984790874524715,1,False,False,False,False,False,False,False,False,False,False,False,False,False,False,False,False,False,True,False
17077,1,306.0,36,306.0,1,487,1.0,0,False,False,False,False,False,False,False,False,False,False,False,False,False,False,False,False,False,True,False
17105,2,665.78,693,332.89,147,68,0.013605442176870748,0,False,False,False,False,False,False,False,False,False,False,False,False,False,False,False,False,False,True,False
17117,1,116.2,68,116.2,1,197,1.0,0,False,False,False,False,False,False,False,False,False,False,False,False,False,False,False,False,False,True,False
17163,2,406.68,465,203.34,229,355,0.008733624454148471,1,False,False,False,False,False,False,False,False,False,False,False,False,False,False,False,False,False,True,False
17191,14,3778.17,1901,269.8692857142857,643,3,0.02177293934681182,1,False,False,False,False,False,False,False,False,False,False,False,False,False,False,False,False,False,True,False
17203,4,2004.01,1751,501.0025,1,297,4.0,1,False,False,False,False,False,False,False,False,False,False,False,False,False,False,False,False,False,True,False
17209,3,595.7,723,198.5666666666667,87,558,0.034482758620689655,0,False,False,False,False,False,False,False,False,False,False,False,False,False,False,False,False,False,True,False
17210,1,251.72,242,251.72,1,301,1.0,0,False,False,False,False,False,False,False,False,False,False,False,False,False,False,False,False,False,True,False
17226,3,895.47,853,298.49,356,218,0.008426966292134831,0,False,False,False,False,False,False,False,False,False,False,False,False,False,False,False,False,False,True,False
17230,18,9388.49,3753,521.5827777777778,467,173,0.03854389721627409,0,False,False,False,False,False,False,False,False,False,False,False,False,False,False,False,False,False,True,False
17240,1,130.60000000000002,108,130.60000000000002,1,505,1.0,0,False,False,False,False,False,False,False,False,False,False,False,False,False,False,False,False,False,True,False
17241,12,2736.64,859,228.0533333333333,276,294,0.043478260869565216,0,False,False,False,False,False,False,False,False,False,False,False,False,False,False,False,False,False,True,False
17248,2,500.54,276,250.27,361,29,0.00554016620498615,0,False,False,False,False,False,False,False,False,False,False,False,False,False,False,False,False,False,True,False
17256,5,498.93,299,99.786,492,16,0.01016260162601626,0,False,False,False,False,False,False,False,False,False,False,False,False,False,False,False,False,False,True,False
17263,1,63.440000000000005,36,63.440000000000005,1,117,1.0,0,False,False,False,False,False,False,False,False,False,False,False,False,False,False,False,False,False,True,False
17274,1,465.4,194,465.4,1,305,1.0,1,False,False,False,False,False,False,False,False,False,False,False,False,False,False,False,False,False,True,False
17277,2,1065.3500000000001,430,532.6750000000001,95,136,0.021052631578947368,0,False,False,False,False,False,False,False,False,False,False,False,False,False,False,False,False,False,True,False
17283,1,188.46,179,188.46,1,288,1.0,0,False,False,False,False,False,False,False,False,False,False,False,False,False,False,False,False,False,True,False
17286,2,237.81,251,118.905,1,309,2.0,1,False,False,False,False,False,False,False,False,False,False,False,False,False,False,False,False,False,True,False
17293,13,2763.6,1610,212.58461538461538,616,28,0.021103896103896104,1,False,False,False,False,False,False,False,False,False,False,False,False,False,False,False,False,False,True,False
17305,1,2135.46,1006,2135.46,1,557,1.0,0,False,False,False,False,False,False,False,False,False,False,False,False,False,False,False,False,False,True,False
17306,17,7851.1,11514,461.8294117647059,303,9,0.056105610561056105,1,False,False,False,False,False,False,False,False,False,False,False,False,False,False,False,False,False,True,False
17328,1,104.7,86,104.7,1,582,1.0,0,False,False,False,False,False,False,False,False,False,False,False,False,False,False,False,False,False,True,False
17361,4,647.51,286,161.8775,489,95,0.0081799591002045,1,False,False,False,False,False,False,False,False,False,False,False,False,False,False,False,False,False,True,False
17365,12,5753.94,5800,479.49499999999995,506,79,0.023715415019762844,1,False,False,False,False,False,False,False,False,False,False,False,False,False,False,False,False,False,True,False
17374,3,727.11,155,242.37,176,128,0.017045454545454544,0,False,False,False,False,False,False,False,False,False,False,False,False,False,False,False,False,False,True,False
17386,6,1823.69,1075,303.9483333333333,286,8,0.02097902097902098,1,False,False,False,False,False,False,False,False,False,False,False,False,False,False,False,False,False,True,False
17389,52,34885.73,12210,670.8794230769231,639,5,0.081377151799687,1,False,False,False,False,False,False,False,False,False,False,False,False,False,False,False,False,False,True,False
17397,1,516.87,441,516.87,1,325,1.0,1,False,False,False,False,False,False,False,False,False,False,False,False,False,False,False,False,False,True,False
17405,1,393.31,334,393.31,1,59,1.0,1,False,False,False,False,False,False,False,False,False,False,False,False,False,False,False,False,False,True,False
17416,20,15699.52,7750,784.976,615,19,0.032520325203252036,1,False,False,False,False,False,False,False,False,False,False,False,False,False,False,False,False,False,True,False
17437,1,369.68,283,369.68,1,439,1.0,0,False,False,False,False,False,False,False,False,False,False,False,False,False,False,False,False,False,True,False
17443,1,534.24,504,534.24,1,129,1.0,0,False,False,True,False,False,False,False,False,False,False,False,False,False,False,False,False,False,False,False
17460,16,2157.9700000000003,954,134.87312500000002,592,3,0.02702702702702703,0,False,False,False,False,False,False,False,False,False,False,False,False,False,False,False,False,False,True,False
17463,5,1886.99,1112,377.398,412,85,0.012135922330097087,1,False,False,False,False,False,False,False,False,False,False,False,False,False,False,False,False,False,True,False
17468,1,57.8,68,57.8,1,284,1.0,1,False,False,False,False,False,False,False,False,False,False,False,False,False,False,False,False,False,True,False
17486,1,396.87,191,396.87,1,170,1.0,0,False,False,False,False,False,False,False,False,False,False,False,False,False,False,False,False,False,True,False
17494,1,54.7,26,54.7,1,411,1.0,0,False,False,False,False,False,False,False,False,False,False,False,False,False,False,False,False,False,True,False
17530,8,1789.83,1019,223.72875,527,115,0.015180265654648957,1,False,False,False,False,False,False,False,False,False,False,False,False,False,False,False,False,False,True,False
17576,36,7413.37,4004,205.92694444444444,636,8,0.05660377358490566,1,False,False,False,False,False,False,False,False,False,False,False,False,False,False,False,False,False,True,False
17584,5,4816.57,2251,963.314,556,36,0.008992805755395683,1,False,False,False,False,False,False,False,False,False,False,False,False,False,False,False,False,False,True,False
17596,10,3421.85,5480,342.185,588,45,0.017006802721088437,1,False,False,False,False,False,False,False,False,False,False,False,False,False,False,False,False,False,True,False
17602,10,3209.56,2665,320.956,494,33,0.020242914979757085,1,False,False,False,False,False,False,False,False,False,False,False,False,False,False,False,False,False,True,False
17613,9,2976.69,1667,330.74333333333334,188,27,0.047872340425531915,1,False,False,False,False,False,False,False,False,False,False,False,False,False,False,False,False,False,True,False
17617,1,385.19,249,385.19,1,467,1.0,0,False,False,False,False,False,False,False,False,False,False,False,False,False,False,False,False,False,True,False
17654,1,117.55,41,117.55,1,186,1.0,0,False,False,False,False,False,False,False,False,False,False,False,False,False,False,False,False,False,True,False
17666,3,1319.6399999999999,956,439.87999999999994,50,386,0.06,1,False,False,False,False,False,False,False,False,False,False,False,False,False,False,False,False,False,True,False
17667,8,3646.2,2062,455.775,492,71,0.016260162601626018,1,False,False,False,False,False,False,False,False,False,False,False,False,False,False,False,False,False,True,False
17679,5,1585.5,1026,317.1,214,431,0.02336448598130841,1,False,False,False,False,False,False,False,False,False,False,False,False,False,False,False,False,False,True,False
17697,1,338.95,93,338.95,1,145,1.0,0,False,False,False,False,False,False,False,False,False,False,False,False,False,False,False,False,False,True,False
17716,20,14437.64,8070,721.882,642,4,0.03115264797507788,1,False,False,False,False,False,False,False,False,False,False,False,False,False,False,False,False,False,True,False
17723,7,3378.4000000000005,912,482.6285714285715,248,36,0.028225806451612902,0,False,False,False,False,False,False,False,False,False,False,False,False,False,False,False,False,False,True,False
17732,8,2166.42,1058,270.8025,115,282,0.06956521739130435,0,False,False,False,False,False,False,False,False,False,False,False,False,False,False,False,False,False,True,False
17734,5,1281.9,662,256.38,505,46,0.009900990099009901,1,False,False,False,False,False,False,False,False,False,False,False,False,False,False,False,False,False,True,False
17741,2,101.1,114,50.55,153,316,0.013071895424836602,0,False,False,False,False,False,False,False,False,False,False,False,False,False,False,False,False,False,True,False
17757,46,6789.21,3494,147.59152173913043,580,23,0.07931034482758621,1,False,False,False,False,False,False,False,False,False,False,False,False,False,False,False,False,False,True,False
17769,11,4913.83,2376,446.71181818181816,550,48,0.02,1,False,False,False,False,False,False,False,False,False,False,False,False,False,False,False,False,False,True,False
17787,4,1817.54,896,454.385,218,62,0.01834862385321101,0,False,False,False,False,False,False,False,False,False,False,False,False,False,False,False,False,False,True,False
17810,2,373.16,118,186.58,15,578,0.13333333333333333,0,False,False,False,False,False,False,False,False,False,False,False,False,False,False,False,False,False,True,False
17820,1,180.60999999999999,111,180.60999999999999,1,283,1.0,0,False,False,False,False,False,False,False,False,False,False,False,False,False,False,False,False,False,True,False
17821,1,334.62,162,334.62,1,315,1.0,0,False,False,False,False,False,False,False,False,False,False,False,False,False,False,False,False,False,True,False
17856,3,1142.63,577,380.8766666666667,48,142,0.0625,1,False,False,False,False,False,False,False,False,False,False,False,False,False,False,False,False,False,True,False
17865,38,22803.21,10726,600.0844736842105,631,16,0.060221870047543584,1,False,False,False,False,False,False,False,False,False,False,False,False,False,False,False,False,False,True,False
17874,6,683.46,221,113.91000000000001,70,94,0.08571428571428572,0,False,False,False,False,False,False,False,False,False,False,False,False,False,False,False,False,False,True,False
17913,13,3238.69,1537,249.13,380,265,0.034210526315789476,1,False,False,False,False,False,False,False,False,False,False,False,False,False,False,False,False,False,True,False
17915,1,225.78,184,225.78,1,460,1.0,0,False,False,False,False,False,False,False,False,False,False,False,False,False,False,False,False,False,True,False
17916,2,43.87,90,21.935,104,537,0.019230769230769232,0,False,False,False,False,False,False,False,False,False,False,False,False,False,False,False,False,False,True,False
17934,1,344.90000000000003,150,344.90000000000003,1,315,1.0,1,False,False,False,False,False,False,False,False,False,False,False,False,False,False,False,False,False,True,False
17935,7,686.14,244,98.02,596,47,0.01174496644295302,0,False,False,False,False,False,False,False,False,False,False,False,False,False,False,False,False,False,True,False
17948,1,358.56000000000006,144,358.56000000000006,1,56,1.0,0,False,False,False,False,False,False,False,False,False,False,False,False,False,False,False,False,False,True,False
17951,3,741.5400000000001,384,247.18000000000004,45,267,0.06666666666666667,1,False,False,False,False,False,False,False,False,False,False,False,False,False,False,False,False,False,True,False
17969,20,2354.29,1014,117.7145,566,75,0.0353356890459364,0,False,False,False,False,False,False,False,False,False,False,False,False,False,False,False,False,False,True,False
17982,1,138.18,117,138.18,1,590,1.0,0,False,False,False,False,False,False,False,False,False,False,False,False,False,False,False,False,False,True,False
17988,12,434.42,170,36.20166666666667,615,26,0.01951219512195122,1,False,False,False,False,False,False,False,False,False,False,False,False,False,False,False,False,False,True,False
17994,11,2270.0299999999997,2181,206.36636363636362,499,31,0.022044088176352707,0,False,False,False,False,False,False,False,False,False,False,False,False,False,False,False,False,False,True,False
17996,3,482.33,587,160.77666666666667,166,289,0.018072289156626505,0,False,False,False,False,False,False,False,False,False,False,False,False,False,False,False,False,False,True,False
18013,2,187.29,285,93.645,1,64,2.0,0,False,False,False,False,False,False,False,False,False,False,False,False,False,False,False,False,False,True,False
18018,4,297.99,186,74.4975,312,17,0.01282051282051282,0,False,False,False,False,False,False,False,False,False,False,False,False,False,False,False,False,False,True,False
18028,1,192.05,133,192.05,1,492,1.0,0,False,False,False,False,False,False,False,False,False,False,False,False,False,False,False,False,False,True,False
18062,6,1632.67,831,272.1116666666667,424,82,0.014150943396226415,0,False,False,False,False,False,False,False,False,False,False,False,False,False,False,False,False,False,True,False
18068,1,101.7,6,101.7,1,198,1.0,0,False,False,False,False,False,False,False,False,False,False,False,False,False,False,False,False,False,True,False
18074,2,1019.44,361,509.72,131,283,0.015267175572519083,0,False,False,False,False,False,False,False,False,False,False,False,False,False,False,False,False,False,True,False
18081,2,208.05,55,104.025,21,21,0.09523809523809523,1,False,False,False,False,False,False,False,False,False,False,False,False,False,False,False,False,False,True,False
18086,1,101.34,106,101.34,1,183,1.0,0,False,False,False,False,False,False,False,False,False,False,False,False,False,False,False,False,False,True,False
18116,12,1970.93,1097,164.24416666666667,177,143,0.06779661016949153,1,False,False,False,False,False,False,False,False,False,False,False,False,False,False,False,False,False,True,False
18120,1,111.15,31,111.15,1,123,1.0,0,False,False,False,False,False,False,False,False,False,False,False,False,False,False,False,False,False,True,False
18123,1,92.2,34,92.2,1,422,1.0,1,False,False,False,False,False,False,False,False,False,False,False,False,False,False,False,False,False,True,False
18128,1,399.29,216,399.29,1,446,1.0,0,False,False,False,False,False,False,False,False,False,False,False,False,False,False,False,False,False,True,False
18138,1,152.65,38,152.65,1,204,1.0,0,False,False,False,False,False,False,False,False,False,False,False,False,False,False,False,False,False,True,False
18159,1,530.15,139,530.15,1,210,1.0,0,False,False,False,False,False,False,False,False,False,False,False,False,False,False,False,False,False,True,False
18163,1,728.84,452,728.84,1,493,1.0,0,False,False,False,False,False,False,False,False,False,False,False,False,False,False,False,False,False,True,False
18176,1,476.35,283,476.35,1,267,1.0,0,False,False,False,False,False,False,False,False,False,False,False,False,False,False,False,False,False,True,False
18221,4,1090.19,655,272.5475,274,25,0.014598540145985401,1,False,False,False,False,False,False,False,False,False,False,False,False,False,False,False,False,False,True,False
18229,22,8085.67,2287,367.5304545454546,642,3,0.03426791277258567,1,False,False,False,False,False,False,False,False,False,False,False,False,False,False,False,False,False,True,False
18236,10,1554.3,603,155.43,474,38,0.02109704641350211,1,False,False,False,False,False,False,False,False,False,False,False,False,False,False,False,False,False,True,False
18252,6,1085.32,716,180.88666666666666,549,81,0.01092896174863388,1,False,False,False,False,False,False,False,False,False,False,False,False,False,False,False,False,False,True,False
18260,23,9947.26,5244,432.4895652173913,551,81,0.041742286751361164,0,False,False,False,False,False,False,False,False,False,False,False,False,False,False,False,False,False,True,False
18283,16,1706.2,1041,106.6375,562,4,0.028469750889679714,1,False,False,False,False,False,False,False,False,False,False,False,False,False,False,False,False,False,True,False
